page_number,drawings_count,images_count,text_blocks_count,page_width,page_height,classification
1,24995,1,258,1224.0,792.0,HYBRID
2,1871,5,57,1224.0,792.0,HYBRID
3,2853,0,124,1224.0,792.0,VECTOR
4,463,0,33,1224.0,792.0,VECTOR
5,4458,15,65,1224.0,792.0,HYBRID
6,1582,0,150,1224.0,792.0,VECTOR
7,4255,0,107,1224.0,792.0,VECTOR
8,3587,0,253,1224.0,792.0,VECTOR
9,1239,0,60,1224.0,792.0,VECTOR
10,316,64,32,1224.0,792.0,HYBRID
11,307,45,44,1224.0,792.0,HYBRID
12,309,40,24,1224.0,792.0,HYBRID
13,307,32,33,1224.0,792.0,HYBRID
14,563,0,49,1224.0,792.0,VECTOR
15,555,0,45,1224.0,792.0,VECTOR
16,1928,0,98,1224.0,792.0,VECTOR
17,4120,0,129,1224.0,792.0,VECTOR
18,5414,0,163,1224.0,792.0,VECTOR
19,5062,0,100,1224.0,792.0,VECTOR
20,15141,0,105,1224.0,792.0,VECTOR
21,7113,0,94,1224.0,792.0,VECTOR
22,44889,0,81,1224.0,792.0,VECTOR
23,29847,0,89,1224.0,792.0,VECTOR
24,5256,0,71,1224.0,792.0,VECTOR
25,1317,0,71,1224.0,792.0,VECTOR
26,1101,0,97,1224.0,792.0,VECTOR
27,1062,0,103,1224.0,792.0,VECTOR
28,948,0,96,1224.0,792.0,VECTOR
29,1388,0,111,1224.0,792.0,VECTOR
30,1225,0,107,1224.0,792.0,VECTOR
31,1128,0,106,1224.0,792.0,VECTOR
32,958,0,81,1224.0,792.0,VECTOR
33,2092,0,109,1224.0,792.0,VECTOR
34,1195,0,74,1224.0,792.0,VECTOR
35,21500,0,262,1224.0,792.0,VECTOR
36,10907,0,129,1224.0,792.0,VECTOR
37,7574,0,130,1224.0,792.0,VECTOR
38,12384,0,81,1224.0,792.0,VECTOR
39,13624,0,96,1224.0,792.0,VECTOR
40,7593,0,89,1224.0,792.0,VECTOR
41,50802,0,81,1224.0,792.0,VECTOR
42,30517,0,71,1224.0,792.0,VECTOR
43,1826,0,63,1224.0,792.0,VECTOR
44,1548,0,64,1224.0,792.0,VECTOR
45,1563,0,84,1224.0,792.0,VECTOR
46,2243,0,109,1224.0,792.0,VECTOR
47,2752,0,133,1224.0,792.0,VECTOR
48,2195,0,106,1224.0,792.0,VECTOR
49,2277,0,113,1224.0,792.0,VECTOR
50,1882,0,97,1224.0,792.0,VECTOR
51,1875,0,99,1224.0,792.0,VECTOR
52,1816,0,95,1224.0,792.0,VECTOR
53,1908,0,93,1224.0,792.0,VECTOR
54,1511,0,79,1224.0,792.0,VECTOR
55,1580,0,83,1224.0,792.0,VECTOR
56,1224,0,70,1224.0,792.0,VECTOR
57,1695,0,91,1224.0,792.0,VECTOR
58,1864,0,93,1224.0,792.0,VECTOR
59,1929,0,94,1224.0,792.0,VECTOR
60,1834,0,95,1224.0,792.0,VECTOR
61,1789,0,92,1224.0,792.0,VECTOR
62,1746,0,84,1224.0,792.0,VECTOR
63,1729,0,84,1224.0,792.0,VECTOR
64,1699,0,84,1224.0,792.0,VECTOR
65,1712,0,84,1224.0,792.0,VECTOR
66,1709,0,84,1224.0,792.0,VECTOR
67,1625,0,86,1224.0,792.0,VECTOR
68,1487,0,76,1224.0,792.0,VECTOR
69,764,0,46,1224.0,792.0,VECTOR
70,7565,0,124,1224.0,792.0,VECTOR
71,12894,0,155,1224.0,792.0,VECTOR
72,8311,0,82,1224.0,792.0,VECTOR
73,14196,0,99,1224.0,792.0,VECTOR
74,6322,0,77,1224.0,792.0,VECTOR
75,48452,0,81,1224.0,792.0,VECTOR
76,33058,0,74,1224.0,792.0,VECTOR
77,1994,0,70,1224.0,792.0,VECTOR
78,1721,0,75,1224.0,792.0,VECTOR
79,25272,0,269,1224.0,792.0,VECTOR
80,87205,25,139,1224.0,792.0,HYBRID
81,923,0,60,1224.0,792.0,VECTOR
82,1974,0,121,1224.0,792.0,VECTOR
83,2472,0,148,1224.0,792.0,VECTOR
84,2426,0,134,1224.0,792.0,VECTOR
85,2413,0,131,1224.0,792.0,VECTOR
86,2679,0,143,1224.0,792.0,VECTOR
87,2126,0,129,1224.0,792.0,VECTOR
88,2120,0,130,1224.0,792.0,VECTOR
89,2181,0,131,1224.0,792.0,VECTOR
90,2142,0,130,1224.0,792.0,VECTOR
91,1832,0,92,1224.0,792.0,VECTOR
92,1481,0,80,1224.0,792.0,VECTOR
93,1715,0,93,1224.0,792.0,VECTOR
94,1374,0,83,1224.0,792.0,VECTOR
95,1897,0,108,1224.0,792.0,VECTOR
96,1831,0,95,1224.0,792.0,VECTOR
97,2266,0,108,1224.0,792.0,VECTOR
98,2286,0,110,1224.0,792.0,VECTOR
99,2246,0,113,1224.0,792.0,VECTOR
100,2274,0,117,1224.0,792.0,VECTOR
101,2330,0,120,1224.0,792.0,VECTOR
102,2284,0,122,1224.0,792.0,VECTOR
103,2274,0,122,1224.0,792.0,VECTOR
104,2290,0,122,1224.0,792.0,VECTOR
105,2142,0,125,1224.0,792.0,VECTOR
106,1841,0,99,1224.0,792.0,VECTOR
107,1041,0,65,1224.0,792.0,VECTOR
108,3774,0,181,1224.0,792.0,VECTOR
109,12436,0,149,1224.0,792.0,VECTOR
110,12223,0,179,1224.0,792.0,VECTOR
111,7026,0,104,1224.0,792.0,VECTOR
112,17893,0,118,1224.0,792.0,VECTOR
113,9201,0,106,1224.0,792.0,VECTOR
114,47409,0,95,1224.0,792.0,VECTOR
115,32064,0,92,1224.0,792.0,VECTOR
116,7306,0,87,1224.0,792.0,VECTOR
117,10551,0,92,1224.0,792.0,VECTOR
118,8256,0,103,1224.0,792.0,VECTOR
119,7333,0,131,1224.0,792.0,VECTOR
120,3104,0,100,1224.0,792.0,VECTOR
121,11563,0,97,1224.0,792.0,VECTOR
122,3047,0,102,1224.0,792.0,VECTOR
123,43924,0,81,1224.0,792.0,VECTOR
124,28363,0,88,1224.0,792.0,VECTOR
125,4889,0,70,1224.0,792.0,VECTOR
126,8168,0,68,1224.0,792.0,VECTOR
127,4183,0,160,1224.0,792.0,VECTOR
128,6273,0,115,1224.0,792.0,VECTOR
129,2010,0,71,1224.0,792.0,VECTOR
130,3144,0,141,1224.0,792.0,VECTOR
131,2739,0,132,1224.0,792.0,VECTOR
132,3998,0,131,1224.0,792.0,VECTOR
133,3162,0,113,1224.0,792.0,VECTOR
134,4731,0,204,1224.0,792.0,VECTOR
135,4904,0,133,1224.0,792.0,VECTOR
136,4906,0,130,1224.0,792.0,VECTOR
137,4841,0,181,1224.0,792.0,VECTOR
138,5088,0,134,1224.0,792.0,VECTOR
139,4927,0,183,1224.0,792.0,VECTOR
140,2393,0,183,1224.0,792.0,VECTOR
141,3549,0,139,1224.0,792.0,VECTOR
142,3910,0,202,1224.0,792.0,VECTOR
143,3530,0,190,1224.0,792.0,VECTOR
144,1809,0,105,1224.0,792.0,VECTOR
145,1935,0,159,1224.0,792.0,VECTOR
146,2029,0,114,1224.0,792.0,VECTOR
147,1447,0,93,1224.0,792.0,VECTOR
148,2017,0,119,1224.0,792.0,VECTOR
149,24451,4,267,1224.0,792.0,HYBRID
150,10283,6,179,1224.0,792.0,HYBRID
151,6750,21,123,1224.0,792.0,HYBRID
152,294,46,31,1224.0,792.0,HYBRID
153,9806,1,1,1224.0,792.0,HYBRID
154,10725,1,1,1224.0,792.0,HYBRID
155,12000,1,1,1224.0,792.0,HYBRID
156,9712,1,1,1224.0,792.0,HYBRID
157,10462,1,1,1224.0,792.0,HYBRID
158,11616,1,1,1224.0,792.0,HYBRID
159,6607,1,1,1224.0,792.0,HYBRID
160,7194,6,148,1224.0,792.0,HYBRID
161,2841,0,138,1224.0,792.0,VECTOR
162,8133,0,162,1224.0,792.0,VECTOR
163,1527,0,87,1224.0,792.0,VECTOR
164,8003,0,95,1224.0,792.0,VECTOR
165,6585,0,98,1224.0,792.0,VECTOR
166,1682,0,87,1224.0,792.0,VECTOR
167,11550,0,124,1224.0,792.0,VECTOR
168,2134,0,82,1224.0,792.0,VECTOR
169,43226,0,81,1224.0,792.0,VECTOR
170,27829,0,91,1224.0,792.0,VECTOR
171,4846,0,84,1224.0,792.0,VECTOR
172,8176,0,73,1224.0,792.0,VECTOR
173,8676,0,87,1224.0,792.0,VECTOR
174,3707,0,88,1224.0,792.0,VECTOR
175,3109,0,80,1224.0,792.0,VECTOR
176,13246,0,92,1224.0,792.0,VECTOR
177,5123,0,77,1224.0,792.0,VECTOR
178,43805,0,74,1224.0,792.0,VECTOR
179,28605,0,78,1224.0,792.0,VECTOR
180,4717,0,63,1224.0,792.0,VECTOR
181,976,0,55,1224.0,792.0,VECTOR
182,8579,0,92,1224.0,792.0,VECTOR
183,3509,0,98,1224.0,792.0,VECTOR
184,6071,0,79,1224.0,792.0,VECTOR
185,14639,0,92,1224.0,792.0,VECTOR
186,8836,0,77,1224.0,792.0,VECTOR
187,49333,0,81,1224.0,792.0,VECTOR
188,30549,0,86,1224.0,792.0,VECTOR
189,1017,0,63,1224.0,792.0,VECTOR
190,977,0,55,1224.0,792.0,VECTOR
191,9744,20,106,1224.0,792.0,HYBRID
192,4605,1,222,1224.0,792.0,HYBRID
193,2137,0,81,1224.0,792.0,VECTOR
194,4606,0,155,1224.0,792.0,VECTOR
195,6067,0,62,1224.0,792.0,VECTOR
196,5017,0,161,1224.0,792.0,VECTOR
197,5489,0,67,1224.0,792.0,VECTOR
198,4823,0,93,1224.0,792.0,VECTOR
199,15858,0,134,1224.0,792.0,VECTOR
200,7359,0,105,1224.0,792.0,VECTOR
201,45894,0,116,1224.0,792.0,VECTOR
202,30545,0,115,1224.0,792.0,VECTOR
203,2498,0,104,1224.0,792.0,VECTOR
204,2085,0,104,1224.0,792.0,VECTOR
