station,station_ft,page,raw_paths,after_grid_filter,post_merge_strict,post_merge_tolerant,noise_removed,filled_removed,candidates_remaining,scored_candidates,classification_rule,classification_confidence,eg_found,pg_found,status,eg_points,eg_length,eg_dash_ratio,eg_segments_merged,eg_color,eg_stroke_w,pg_points,pg_length,pg_dash_ratio,pg_segments_merged,pg_color,pg_stroke_w,signals_used,signal_votes,failure_reason
11+65,1165,45,664,422,343,251,202,2,47,1,"only 1 candidate -> PG only, no EG",0.3,False,True,incomplete,0,0,0,0,--,0,30,833.1,1.0,1,"(0.0, 0.0, 0.0)",0.84,[],--,Only 1 scored candidate -- cannot assign Existing Ground.
12+00,1200,45,667,424,343,249,202,2,45,2,"dash_ratio: dashed=EG, solid=PG",0.9,True,True,ok,26,826.8,1.0,1,"(0.0, 0.0, 0.0)",0.84,5,113.5,0.0,2,"(0.0, 0.0, 0.0)",0.6,['dash_ratio'],--,
12+50,1250,45,436,264,220,161,125,2,34,2,"dash_ratio: dashed=EG, solid=PG",0.9,True,True,ok,25,844.2,1.0,1,"(0.0, 0.0, 0.0)",0.84,5,114.2,0.0,2,"(0.0, 0.0, 0.0)",0.6,['dash_ratio'],--,
13+00,1300,46,663,416,337,248,197,2,49,2,"dash_ratio: dashed=EG, solid=PG",0.9,True,True,ok,31,822.0,1.0,1,"(0.0, 0.0, 0.0)",0.84,5,112.7,0.0,2,"(0.0, 0.0, 0.0)",0.6,['dash_ratio'],--,
13+50,1350,46,652,411,337,245,198,2,45,2,"dash_ratio: dashed=EG, solid=PG",0.9,True,True,ok,29,813.0,1.0,1,"(0.0, 0.0, 0.0)",0.84,5,129.2,0.0,2,"(0.0, 0.0, 0.0)",0.6,['dash_ratio'],--,
14+00,1400,46,637,403,327,241,193,2,46,2,"dash_ratio: dashed=EG, solid=PG",0.9,True,True,ok,27,819.7,1.0,1,"(0.0, 0.0, 0.0)",0.84,12,144.4,0.0,3,"(0.0, 0.0, 0.0)",0.24,['dash_ratio'],--,
14+50,1450,46,635,402,325,235,180,2,53,2,"dash_ratio: dashed=EG, solid=PG",0.9,True,True,ok,28,808.0,1.0,1,"(0.0, 0.0, 0.0)",0.84,12,127.3,0.0,3,"(0.0, 0.0, 0.0)",0.24,['dash_ratio'],--,
15+00,1500,46,406,248,204,160,129,2,29,2,"dash_ratio: dashed=EG, solid=PG",0.9,True,True,ok,32,795.1,1.0,1,"(0.0, 0.0, 0.0)",0.84,5,89.0,0.0,2,"(0.0, 0.0, 0.0)",0.6,['dash_ratio'],--,
15+50,1550,47,674,422,334,249,199,2,48,2,"dash_ratio: dashed=EG, solid=PG",0.9,True,True,ok,35,861.6,1.0,1,"(0.0, 0.0, 0.0)",0.84,53,98.0,0.0,4,"(0.0, 0.0, 0.0)",0.6,['dash_ratio'],--,
16+00,1600,47,634,403,321,234,188,2,44,2,"dash_ratio: dashed=EG, solid=PG",0.9,True,True,ok,29,870.5,1.0,1,"(0.0, 0.0, 0.0)",0.84,208,479.3,0.0,11,"(0.0, 0.0, 0.0)",0.6,['dash_ratio'],--,
16+50,1650,47,672,425,335,248,198,2,48,3,"dash_ratio: dashed=EG, solid=PG",0.9,True,True,ok,34,927.3,1.0,1,"(0.0, 0.0, 0.0)",0.84,79,659.9,0.0,10,"(0.0, 0.0, 0.0)",0.6,['dash_ratio'],--,
17+00,1700,47,671,424,335,246,195,2,49,3,"dash_ratio: dashed=EG, solid=PG",0.9,True,True,ok,34,950.6,1.0,1,"(0.0, 0.0, 0.0)",0.84,33,717.6,0.0,8,"(0.0, 0.0, 0.0)",0.6,['dash_ratio'],--,
17+50,1750,47,677,433,340,250,193,2,55,3,"dash_ratio: dashed=EG, solid=PG",0.9,True,True,ok,43,918.5,1.0,1,"(0.0, 0.0, 0.0)",0.84,153,792.4,0.0,15,"(0.0, 0.0, 0.0)",0.24,['dash_ratio'],--,
18+00,1800,47,448,275,217,177,146,2,29,3,"dash_ratio: dashed=EG, solid=PG",0.9,True,True,ok,40,996.5,1.0,1,"(0.0, 0.0, 0.0)",0.84,148,602.2,0.0,12,"(0.0, 0.0, 0.0)",0.6,['dash_ratio'],--,
18+50,1850,48,726,456,358,269,213,2,54,3,"dash_ratio: dashed=EG, solid=PG",0.9,True,True,ok,39,995.0,1.0,1,"(0.0, 0.0, 0.0)",0.84,123,247.4,0.0,7,"(0.0, 0.0, 0.0)",0.6,['dash_ratio'],--,
19+00,1900,48,707,455,359,272,218,2,52,1,"only 1 candidate -> PG only, no EG",0.3,False,True,incomplete,0,0,0,0,--,0,38,983.5,1.0,1,"(0.0, 0.0, 0.0)",0.84,[],--,Only 1 scored candidate -- cannot assign Existing Ground.
19+50,1950,48,732,471,377,286,235,2,49,2,"dash_ratio: dashed=EG, solid=PG",0.9,True,True,ok,37,761.1,1.0,1,"(0.0, 0.0, 0.0)",0.84,61,76.6,0.0,13,"(0.0, 0.0, 0.0)",0.6,['dash_ratio'],--,
20+00,2000,48,499,312,249,195,154,2,39,2,"dash_ratio: dashed=EG, solid=PG",0.9,True,True,ok,35,982.4,1.0,1,"(0.0, 0.0, 0.0)",0.84,67,89.0,0.0,14,"(0.0, 0.0, 0.0)",0.24,['dash_ratio'],--,
20+50,2050,49,740,471,372,283,228,2,53,2,"dash_ratio: dashed=EG, solid=PG",0.9,True,True,ok,35,981.2,1.0,1,"(0.0, 0.0, 0.0)",0.84,3,134.6,0.0,2,"(0.0, 0.0, 0.0)",0.6,['dash_ratio'],--,
21+00,2100,49,755,490,379,289,229,2,58,2,"dash_ratio: dashed=EG, solid=PG",0.9,True,True,ok,36,974.5,1.0,1,"(0.0, 0.0, 0.0)",0.84,3,157.1,0.0,2,"(0.0, 0.0, 0.0)",0.6,['dash_ratio'],--,
21+50,2150,49,743,476,382,285,227,2,56,2,"dash_ratio: dashed=EG, solid=PG",0.9,True,True,ok,27,983.7,1.0,1,"(0.0, 0.0, 0.0)",0.84,3,149.6,0.0,2,"(0.0, 0.0, 0.0)",0.6,['dash_ratio'],--,
22+00,2200,49,513,319,256,208,170,2,36,2,"dash_ratio: dashed=EG, solid=PG",0.9,True,True,ok,26,1034.5,1.0,1,"(0.0, 0.0, 0.0)",0.84,3,155.5,0.0,2,"(0.0, 0.0, 0.0)",0.6,['dash_ratio'],--,
22+50,2250,50,752,479,377,284,228,2,54,2,"dash_ratio: dashed=EG, solid=PG",0.9,True,True,ok,25,1038.1,1.0,1,"(0.0, 0.0, 0.0)",0.84,3,156.6,0.0,2,"(0.0, 0.0, 0.0)",0.6,['dash_ratio'],--,
23+00,2300,50,793,505,388,293,233,2,58,2,"dash_ratio: dashed=EG, solid=PG",0.9,True,True,ok,29,1039.7,1.0,1,"(0.0, 0.0, 0.0)",0.84,3,157.7,0.0,2,"(0.0, 0.0, 0.0)",0.6,['dash_ratio'],--,
23+50,2350,50,537,328,259,198,156,2,40,2,"dash_ratio: dashed=EG, solid=PG",0.9,True,True,ok,32,1040.9,1.0,1,"(0.0, 0.0, 0.0)",0.84,3,159.0,0.0,2,"(0.0, 0.0, 0.0)",0.6,['dash_ratio'],--,
24+00,2400,51,775,485,375,283,226,2,55,2,"dash_ratio: dashed=EG, solid=PG",0.9,True,True,ok,29,1046.7,1.0,1,"(0.0, 0.0, 0.0)",0.84,3,161.9,0.0,2,"(0.0, 0.0, 0.0)",0.6,['dash_ratio'],--,
24+50,2450,51,764,482,380,285,232,2,51,2,"dash_ratio: dashed=EG, solid=PG",0.9,True,True,ok,28,1047.9,1.0,1,"(0.0, 0.0, 0.0)",0.84,3,163.8,0.0,2,"(0.0, 0.0, 0.0)",0.6,['dash_ratio'],--,
25+00,2500,51,535,326,254,196,154,2,40,2,"dash_ratio: dashed=EG, solid=PG",0.9,True,True,ok,28,1044.0,1.0,1,"(0.0, 0.0, 0.0)",0.84,3,166.1,0.0,2,"(0.0, 0.0, 0.0)",0.6,['dash_ratio'],--,
25+50,2550,52,775,484,379,285,228,2,55,2,"dash_ratio: dashed=EG, solid=PG",0.9,True,True,ok,26,1043.8,1.0,1,"(0.0, 0.0, 0.0)",0.84,3,166.9,0.0,2,"(0.0, 0.0, 0.0)",0.6,['dash_ratio'],--,
26+00,2600,52,766,483,381,285,232,2,51,2,"dash_ratio: dashed=EG, solid=PG",0.9,True,True,ok,27,1038.9,1.0,1,"(0.0, 0.0, 0.0)",0.84,3,170.1,0.0,2,"(0.0, 0.0, 0.0)",0.6,['dash_ratio'],--,
26+40,2640,52,479,268,207,148,108,2,38,1,"only 1 candidate -> PG only, no EG",0.3,False,True,incomplete,0,0,0,0,--,0,33,1039.3,1.0,1,"(0.0, 0.0, 0.0)",0.84,[],--,Only 1 scored candidate -- cannot assign Existing Ground.
26+50,2650,53,716,448,360,270,215,0,55,3,"dash_ratio: dashed=EG, solid=PG",0.9,True,True,ok,50,1129.0,1.0,1,"(0.0, 0.0, 0.0)",0.84,3,152.5,0.0,1,"(0.0, 0.0, 0.0)",0.6,['dash_ratio'],--,
27+00,2700,53,654,410,330,243,195,0,48,1,"only 1 candidate -> PG only, no EG",0.3,False,True,incomplete,0,0,0,0,--,0,43,1087.8,1.0,1,"(0.0, 0.0, 0.0)",0.84,[],--,Only 1 scored candidate -- cannot assign Existing Ground.
27+50,2750,53,636,401,324,234,185,0,49,1,"only 1 candidate -> PG only, no EG",0.3,False,True,incomplete,0,0,0,0,--,0,37,1084.4,1.0,1,"(0.0, 0.0, 0.0)",0.84,[],--,Only 1 scored candidate -- cannot assign Existing Ground.
28+00,2800,53,390,241,196,146,116,0,30,1,"only 1 candidate -> PG only, no EG",0.3,False,True,incomplete,0,0,0,0,--,0,38,1098.1,1.0,1,"(0.0, 0.0, 0.0)",0.84,[],--,Only 1 scored candidate -- cannot assign Existing Ground.
28+50,2850,54,670,414,332,240,191,0,49,1,"only 1 candidate -> PG only, no EG",0.3,False,True,incomplete,0,0,0,0,--,0,37,1093.5,1.0,1,"(0.0, 0.0, 0.0)",0.84,[],--,Only 1 scored candidate -- cannot assign Existing Ground.
29+00,2900,54,650,408,330,238,192,0,46,1,"only 1 candidate -> PG only, no EG",0.3,False,True,incomplete,0,0,0,0,--,0,21,1105.5,1.0,1,"(0.0, 0.0, 0.0)",0.84,[],--,Only 1 scored candidate -- cannot assign Existing Ground.
29+50,2950,54,390,242,197,137,103,0,34,1,"only 1 candidate -> PG only, no EG",0.3,False,True,incomplete,0,0,0,0,--,0,21,1097.2,1.0,1,"(0.0, 0.0, 0.0)",0.84,[],--,Only 1 scored candidate -- cannot assign Existing Ground.
30+00,3000,55,671,415,332,242,191,0,51,1,"only 1 candidate -> PG only, no EG",0.3,False,True,incomplete,0,0,0,0,--,0,30,1116.0,1.0,1,"(0.0, 0.0, 0.0)",0.84,[],--,Only 1 scored candidate -- cannot assign Existing Ground.
30+50,3050,55,685,435,358,262,215,0,47,1,"only 1 candidate -> PG only, no EG",0.3,False,True,incomplete,0,0,0,0,--,0,32,1130.1,1.0,1,"(0.0, 0.0, 0.0)",0.84,[],--,Only 1 scored candidate -- cannot assign Existing Ground.
31+00,3100,55,448,268,225,169,134,2,33,1,"only 1 candidate -> PG only, no EG",0.3,False,True,incomplete,0,0,0,0,--,0,29,1145.2,1.0,1,"(0.0, 0.0, 0.0)",0.84,[],--,Only 1 scored candidate -- cannot assign Existing Ground.
31+50,3150,56,718,444,362,264,212,2,50,1,"only 1 candidate -> PG only, no EG",0.3,False,True,incomplete,0,0,0,0,--,0,31,1141.4,1.0,1,"(0.0, 0.0, 0.0)",0.84,[],--,Only 1 scored candidate -- cannot assign Existing Ground.
32+00,3200,56,450,270,224,161,129,2,30,1,"only 1 candidate -> PG only, no EG",0.3,False,True,incomplete,0,0,0,0,--,0,33,1137.2,1.0,1,"(0.0, 0.0, 0.0)",0.84,[],--,Only 1 scored candidate -- cannot assign Existing Ground.
32+50,3250,57,714,441,359,260,209,2,49,1,"only 1 candidate -> PG only, no EG",0.3,False,True,incomplete,0,0,0,0,--,0,26,1138.1,1.0,1,"(0.0, 0.0, 0.0)",0.84,[],--,Only 1 scored candidate -- cannot assign Existing Ground.
33+00,3300,57,679,427,349,252,201,2,49,1,"only 1 candidate -> PG only, no EG",0.3,False,True,incomplete,0,0,0,0,--,0,27,1134.6,1.0,1,"(0.0, 0.0, 0.0)",0.84,[],--,Only 1 scored candidate -- cannot assign Existing Ground.
33+40,3340,57,598,384,270,219,163,11,45,2,"dash_ratio: dashed=EG, solid=PG",0.9,True,True,ok,27,1134.9,1.0,1,"(0.0, 0.0, 0.0)",0.84,9,227.7,0.0,6,"(0.0, 0.0, 0.0)",0.48,['dash_ratio'],--,
33+50,3350,58,770,474,377,283,227,2,54,2,"dash_ratio: dashed=EG, solid=PG",0.9,True,True,ok,28,1134.7,1.0,1,"(0.0, 0.0, 0.0)",0.84,3,183.7,0.0,2,"(0.0, 0.0, 0.0)",0.6,['dash_ratio'],--,
34+00,3400,58,782,487,394,299,243,2,54,2,"dash_ratio: dashed=EG, solid=PG",0.9,True,True,ok,29,1131.2,1.0,1,"(0.0, 0.0, 0.0)",0.84,3,182.0,0.0,2,"(0.0, 0.0, 0.0)",0.6,['dash_ratio'],--,
34+50,3450,58,534,319,259,206,165,2,39,2,"dash_ratio: dashed=EG, solid=PG",0.9,True,True,ok,26,1127.9,1.0,1,"(0.0, 0.0, 0.0)",0.84,3,181.4,0.0,2,"(0.0, 0.0, 0.0)",0.6,['dash_ratio'],--,
35+00,3500,59,808,495,395,302,245,2,55,2,"dash_ratio: dashed=EG, solid=PG",0.9,True,True,ok,26,1130.0,1.0,1,"(0.0, 0.0, 0.0)",0.84,3,176.3,0.0,2,"(0.0, 0.0, 0.0)",0.6,['dash_ratio'],--,
35+50,3550,59,805,507,399,303,243,2,58,2,"dash_ratio: dashed=EG, solid=PG",0.9,True,True,ok,25,1128.9,1.0,1,"(0.0, 0.0, 0.0)",0.84,3,169.6,0.0,2,"(0.0, 0.0, 0.0)",0.6,['dash_ratio'],--,
36+00,3600,59,538,321,260,208,167,2,39,2,"dash_ratio: dashed=EG, solid=PG",0.9,True,True,ok,24,1125.9,1.0,1,"(0.0, 0.0, 0.0)",0.84,3,165.7,0.0,2,"(0.0, 0.0, 0.0)",0.6,['dash_ratio'],--,
36+50,3650,60,807,494,396,302,242,2,58,2,"dash_ratio: dashed=EG, solid=PG",0.9,True,True,ok,25,1123.3,1.0,1,"(0.0, 0.0, 0.0)",0.84,3,161.0,0.0,2,"(0.0, 0.0, 0.0)",0.6,['dash_ratio'],--,
37+00,3700,60,749,479,384,290,235,2,53,2,"dash_ratio: dashed=EG, solid=PG",0.9,True,True,ok,23,1123.7,1.0,1,"(0.0, 0.0, 0.0)",0.84,3,151.6,0.0,2,"(0.0, 0.0, 0.0)",0.6,['dash_ratio'],--,
37+50,3750,60,500,309,248,195,154,2,39,2,"dash_ratio: dashed=EG, solid=PG",0.9,True,True,ok,22,1124.9,1.0,1,"(0.0, 0.0, 0.0)",0.84,3,141.2,0.0,2,"(0.0, 0.0, 0.0)",0.6,['dash_ratio'],--,
38+00,3800,61,765,481,381,289,232,2,55,2,"dash_ratio: dashed=EG, solid=PG",0.9,True,True,ok,23,1123.8,1.0,1,"(0.0, 0.0, 0.0)",0.84,3,139.8,0.0,2,"(0.0, 0.0, 0.0)",0.6,['dash_ratio'],--,
38+50,3850,61,748,479,385,289,235,2,52,2,"dash_ratio: dashed=EG, solid=PG",0.9,True,True,ok,22,1123.1,1.0,1,"(0.0, 0.0, 0.0)",0.84,3,135.6,0.0,2,"(0.0, 0.0, 0.0)",0.6,['dash_ratio'],--,
39+00,3900,61,499,310,244,192,154,2,36,2,"dash_ratio: dashed=EG, solid=PG",0.9,True,True,ok,24,1124.1,1.0,1,"(0.0, 0.0, 0.0)",0.84,3,132.9,0.0,2,"(0.0, 0.0, 0.0)",0.6,['dash_ratio'],--,
39+50,3950,62,755,479,384,291,236,2,53,2,"dash_ratio: dashed=EG, solid=PG",0.9,True,True,ok,25,1125.5,1.0,1,"(0.0, 0.0, 0.0)",0.84,3,131.4,0.0,2,"(0.0, 0.0, 0.0)",0.6,['dash_ratio'],--,
40+00,4000,62,735,473,383,288,236,2,50,2,"dash_ratio: dashed=EG, solid=PG",0.9,True,True,ok,25,1125.0,1.0,1,"(0.0, 0.0, 0.0)",0.84,3,135.7,0.0,2,"(0.0, 0.0, 0.0)",0.6,['dash_ratio'],--,
40+50,4050,62,481,298,251,197,160,2,35,2,"dash_ratio: dashed=EG, solid=PG",0.9,True,True,ok,28,1122.5,1.0,1,"(0.0, 0.0, 0.0)",0.84,3,132.4,0.0,2,"(0.0, 0.0, 0.0)",0.6,['dash_ratio'],--,
41+00,4100,63,744,467,381,289,235,2,52,3,"dash_ratio: dashed=EG, solid=PG",0.9,True,True,ok,30,1124.6,1.0,1,"(0.0, 0.0, 0.0)",0.84,128,222.0,0.0,8,"(0.0, 0.0, 0.0)",0.6,['dash_ratio'],--,
41+50,4150,63,731,465,383,288,236,2,50,2,"dash_ratio: dashed=EG, solid=PG",0.9,True,True,ok,30,1123.6,1.0,1,"(0.0, 0.0, 0.0)",0.84,3,133.7,0.0,2,"(0.0, 0.0, 0.0)",0.6,['dash_ratio'],--,
42+00,4200,63,482,296,245,193,156,2,35,2,"dash_ratio: dashed=EG, solid=PG",0.9,True,True,ok,23,1122.7,1.0,1,"(0.0, 0.0, 0.0)",0.84,3,129.3,0.0,2,"(0.0, 0.0, 0.0)",0.6,['dash_ratio'],--,
42+50,4250,64,734,461,374,281,228,2,51,2,"dash_ratio: dashed=EG, solid=PG",0.9,True,True,ok,24,1122.8,1.0,1,"(0.0, 0.0, 0.0)",0.84,3,126.7,0.0,2,"(0.0, 0.0, 0.0)",0.6,['dash_ratio'],--,
43+00,4300,64,718,458,378,284,232,2,50,2,"dash_ratio: dashed=EG, solid=PG",0.9,True,True,ok,22,1123.7,1.0,1,"(0.0, 0.0, 0.0)",0.84,3,131.1,0.0,2,"(0.0, 0.0, 0.0)",0.6,['dash_ratio'],--,
43+50,4350,64,476,292,244,189,150,2,37,2,"dash_ratio: dashed=EG, solid=PG",0.9,True,True,ok,24,1123.0,1.0,1,"(0.0, 0.0, 0.0)",0.84,3,133.4,0.0,2,"(0.0, 0.0, 0.0)",0.6,['dash_ratio'],--,
44+00,4400,65,737,463,375,282,227,2,53,2,"dash_ratio: dashed=EG, solid=PG",0.9,True,True,ok,29,1121.4,1.0,1,"(0.0, 0.0, 0.0)",0.84,3,137.0,0.0,2,"(0.0, 0.0, 0.0)",0.6,['dash_ratio'],--,
44+50,4450,65,727,464,380,285,232,2,51,2,"dash_ratio: dashed=EG, solid=PG",0.9,True,True,ok,32,1121.7,1.0,1,"(0.0, 0.0, 0.0)",0.84,3,134.6,0.0,2,"(0.0, 0.0, 0.0)",0.6,['dash_ratio'],--,
45+00,4500,65,476,295,246,194,156,2,36,2,"dash_ratio: dashed=EG, solid=PG",0.9,True,True,ok,30,1120.9,1.0,1,"(0.0, 0.0, 0.0)",0.84,3,134.3,0.0,2,"(0.0, 0.0, 0.0)",0.6,['dash_ratio'],--,
45+50,4550,66,738,467,376,283,229,2,52,2,"dash_ratio: dashed=EG, solid=PG",0.9,True,True,ok,26,1120.1,1.0,1,"(0.0, 0.0, 0.0)",0.84,3,132.7,0.0,2,"(0.0, 0.0, 0.0)",0.6,['dash_ratio'],--,
46+00,4600,66,722,465,378,284,233,2,49,2,"dash_ratio: dashed=EG, solid=PG",0.9,True,True,ok,24,997.3,1.0,1,"(0.0, 0.0, 0.0)",0.84,3,132.4,0.0,2,"(0.0, 0.0, 0.0)",0.6,['dash_ratio'],--,
46+50,4650,66,477,299,246,193,156,2,35,2,"dash_ratio: dashed=EG, solid=PG",0.9,True,True,ok,26,987.2,1.0,1,"(0.0, 0.0, 0.0)",0.84,3,130.9,0.0,2,"(0.0, 0.0, 0.0)",0.6,['dash_ratio'],--,
47+00,4700,67,745,474,381,289,233,2,54,2,"dash_ratio: dashed=EG, solid=PG",0.9,True,True,ok,30,991.7,1.0,1,"(0.0, 0.0, 0.0)",0.84,3,129.2,0.0,2,"(0.0, 0.0, 0.0)",0.6,['dash_ratio'],--,
47+50,4750,67,677,426,347,251,202,2,47,2,"dash_ratio: dashed=EG, solid=PG",0.9,True,True,ok,29,977.1,1.0,1,"(0.0, 0.0, 0.0)",0.84,4,179.2,0.0,3,"(0.0, 0.0, 0.0)",0.6,['dash_ratio'],--,
48+00,4800,67,431,258,210,158,124,2,32,2,"dash_ratio: dashed=EG, solid=PG",0.9,True,True,ok,28,958.6,1.0,1,"(0.0, 0.0, 0.0)",0.84,10,128.9,0.0,3,"(0.0, 0.0, 0.0)",0.24,['dash_ratio'],--,
48+50,4850,68,666,422,340,247,196,2,49,1,"only 1 candidate -> PG only, no EG",0.3,False,True,incomplete,0,0,0,0,--,0,30,958.0,1.0,1,"(0.0, 0.0, 0.0)",0.84,[],--,Only 1 scored candidate -- cannot assign Existing Ground.
49+00,4900,68,649,419,340,246,199,2,45,1,"only 1 candidate -> PG only, no EG",0.3,False,True,incomplete,0,0,0,0,--,0,34,984.2,1.0,1,"(0.0, 0.0, 0.0)",0.84,[],--,Only 1 scored candidate -- cannot assign Existing Ground.
49+50,4950,68,402,251,206,153,120,2,31,1,"only 1 candidate -> PG only, no EG",0.3,False,True,incomplete,0,0,0,0,--,0,31,980.2,1.0,1,"(0.0, 0.0, 0.0)",0.84,[],--,Only 1 scored candidate -- cannot assign Existing Ground.
49+54,4954,69,419,255,206,151,120,2,29,1,"only 1 candidate -> PG only, no EG",0.3,False,True,incomplete,0,0,0,0,--,0,32,974.8,1.0,1,"(0.0, 0.0, 0.0)",0.84,[],--,Only 1 scored candidate -- cannot assign Existing Ground.
11+65,1165,82,819,500,389,291,226,0,65,2,"dash_ratio: dashed=EG, solid=PG",0.9,True,True,ok,26,832.6,1.0,1,"(0.0, 0.0, 0.0)",0.84,145,250.1,0.0,8,"(0.0, 0.0, 0.0)",0.6,['dash_ratio'],--,
12+00,1200,82,823,514,403,302,239,0,63,3,"dash_ratio: dashed=EG, solid=PG",0.9,True,True,ok,23,826.3,1.0,1,"(0.0, 0.0, 0.0)",0.84,107,240.7,0.0,8,"(0.0, 0.0, 0.0)",0.6,['dash_ratio'],--,
12+50,1250,82,588,358,283,223,172,0,51,3,"dash_ratio: dashed=EG, solid=PG",0.9,True,True,ok,24,843.9,1.0,1,"(0.0, 0.0, 0.0)",0.84,102,230.6,0.0,8,"(0.0, 0.0, 0.0)",0.6,['dash_ratio'],--,
13+00,1300,83,838,522,408,312,243,0,69,3,"dash_ratio: dashed=EG, solid=PG",0.9,True,True,ok,30,822.1,1.0,1,"(0.0, 0.0, 0.0)",0.84,116,323.7,0.0,9,"(0.0, 0.0, 0.0)",0.84,['dash_ratio'],--,
13+50,1350,83,820,514,407,309,241,0,68,3,"dash_ratio: dashed=EG, solid=PG",0.9,True,True,ok,27,812.0,1.0,1,"(0.0, 0.0, 0.0)",0.84,5,124.4,0.0,2,"(0.0, 0.0, 0.0)",0.6,['dash_ratio'],--,
14+00,1400,83,799,502,395,302,232,0,70,2,"dash_ratio: dashed=EG, solid=PG",0.9,True,True,ok,26,819.7,1.0,1,"(0.0, 0.0, 0.0)",0.84,5,130.3,0.0,2,"(0.0, 0.0, 0.0)",0.6,['dash_ratio'],--,
14+50,1450,83,553,336,262,209,161,0,48,2,"dash_ratio: dashed=EG, solid=PG",0.9,True,True,ok,26,808.0,1.0,1,"(0.0, 0.0, 0.0)",0.84,5,115.3,0.0,2,"(0.0, 0.0, 0.0)",0.6,['dash_ratio'],--,
15+00,1500,84,815,508,394,305,237,0,68,3,"dash_ratio: dashed=EG, solid=PG",0.9,True,True,ok,30,795.1,1.0,1,"(0.0, 0.0, 0.0)",0.84,179,510.8,0.0,12,"(0.0, 0.0, 0.0)",0.6,['dash_ratio'],--,
15+50,1550,84,811,511,399,307,242,0,65,2,"dash_ratio: dashed=EG, solid=PG",0.9,True,True,ok,29,861.2,1.0,1,"(0.0, 0.0, 0.0)",0.84,80,113.9,0.0,6,"(0.0, 0.0, 0.0)",0.6,['dash_ratio'],--,
16+00,1600,84,773,490,385,293,231,0,62,2,"dash_ratio: dashed=EG, solid=PG",0.9,True,True,ok,34,870.4,1.0,1,"(0.0, 0.0, 0.0)",0.84,149,478.6,0.0,11,"(0.0, 0.0, 0.0)",0.6,['dash_ratio'],--,
16+50,1650,84,557,338,262,205,156,0,49,3,"dash_ratio: dashed=EG, solid=PG",0.9,True,True,ok,36,927.1,1.0,1,"(0.0, 0.0, 0.0)",0.84,128,632.9,0.0,13,"(0.0, 0.0, 0.0)",0.6,['dash_ratio'],--,
17+00,1700,85,813,506,391,299,235,0,64,3,"dash_ratio: dashed=EG, solid=PG",0.9,True,True,ok,38,940.6,1.0,1,"(0.0, 0.0, 0.0)",0.84,176,788.7,0.0,14,"(0.0, 0.0, 0.0)",0.6,['dash_ratio'],--,
17+50,1750,85,794,507,398,306,242,0,64,3,"dash_ratio: dashed=EG, solid=PG",0.9,True,True,ok,45,946.7,1.0,1,"(0.0, 0.0, 0.0)",0.84,148,786.5,0.0,14,"(0.0, 0.0, 0.0)",0.6,['dash_ratio'],--,
18+00,1800,85,790,499,391,300,238,0,62,3,"dash_ratio: dashed=EG, solid=PG",0.9,True,True,ok,40,821.6,1.0,1,"(0.0, 0.0, 0.0)",0.84,148,601.6,0.0,12,"(0.0, 0.0, 0.0)",0.6,['dash_ratio'],--,
18+50,1850,85,548,333,267,208,160,0,48,2,"dash_ratio: dashed=EG, solid=PG",0.9,True,True,ok,38,818.8,1.0,1,"(0.0, 0.0, 0.0)",0.84,155,259.0,0.0,8,"(0.0, 0.0, 0.0)",0.6,['dash_ratio'],--,
19+00,1900,86,934,590,432,335,246,0,89,2,"dash_ratio: dashed=EG, solid=PG",0.9,True,True,ok,40,816.1,1.0,1,"(0.0, 0.0, 0.0)",0.84,8,77.6,0.0,6,"(0.0, 0.0, 0.0)",0.6,['dash_ratio'],--,
19+50,1950,86,849,538,430,329,259,0,70,1,"only 1 candidate -> PG only, no EG",0.3,False,True,incomplete,0,0,0,0,--,0,36,797.1,1.0,1,"(0.0, 0.0, 0.0)",0.84,[],--,Only 1 scored candidate -- cannot assign Existing Ground.
20+00,2000,86,841,531,423,320,244,0,76,1,"only 1 candidate -> PG only, no EG",0.3,False,True,incomplete,0,0,0,0,--,0,32,1018.5,1.0,1,"(0.0, 0.0, 0.0)",0.84,[],--,Only 1 scored candidate -- cannot assign Existing Ground.
20+50,2050,86,659,423,308,252,186,9,57,2,"dash_ratio: dashed=EG, solid=PG",0.9,True,True,ok,32,1016.4,1.0,1,"(0.0, 0.0, 0.0)",0.84,3,152.7,0.0,2,"(0.0, 0.0, 0.0)",0.6,['dash_ratio'],--,
21+00,2100,87,874,543,425,327,251,0,76,3,"dash_ratio: dashed=EG, solid=PG",0.9,True,True,ok,34,1007.7,1.0,1,"(0.0, 0.0, 0.0)",0.84,52,164.5,0.0,4,"(0.0, 0.0, 0.0)",0.6,['dash_ratio'],--,
21+50,2150,87,887,559,443,337,261,0,76,3,"dash_ratio: dashed=EG, solid=PG",0.9,True,True,ok,21,1013.7,1.0,1,"(0.0, 0.0, 0.0)",0.84,3,142.5,0.0,2,"(0.0, 0.0, 0.0)",0.6,['dash_ratio'],--,
22+00,2200,87,622,380,301,234,172,0,62,3,"dash_ratio: dashed=EG, solid=PG",0.9,True,True,ok,24,1106.5,1.0,1,"(0.0, 0.0, 0.0)",0.84,3,124.1,0.0,1,"(0.0, 0.0, 0.0)",0.6,['dash_ratio'],--,
22+50,2250,88,887,551,436,332,255,0,77,3,"dash_ratio: dashed=EG, solid=PG",0.9,True,True,ok,22,1109.1,1.0,1,"(0.0, 0.0, 0.0)",0.84,3,154.0,0.0,2,"(0.0, 0.0, 0.0)",0.6,['dash_ratio'],--,
23+00,2300,88,871,550,438,333,259,0,74,3,"dash_ratio: dashed=EG, solid=PG",0.9,True,True,ok,22,1111.5,1.0,1,"(0.0, 0.0, 0.0)",0.84,3,154.7,0.0,2,"(0.0, 0.0, 0.0)",0.6,['dash_ratio'],--,
23+50,2350,88,621,378,302,237,177,0,60,3,"dash_ratio: dashed=EG, solid=PG",0.9,True,True,ok,28,1112.9,1.0,1,"(0.0, 0.0, 0.0)",0.84,3,101.7,0.0,1,"(0.0, 0.0, 0.0)",0.6,['dash_ratio'],--,
24+00,2400,89,916,575,451,343,266,0,77,3,"dash_ratio: dashed=EG, solid=PG",0.9,True,True,ok,28,1112.2,1.0,1,"(0.0, 0.0, 0.0)",0.84,3,160.6,0.0,2,"(0.0, 0.0, 0.0)",0.6,['dash_ratio'],--,
24+50,2450,89,885,561,449,343,271,0,72,3,"dash_ratio: dashed=EG, solid=PG",0.9,True,True,ok,38,1114.9,1.0,1,"(0.0, 0.0, 0.0)",0.84,3,164.0,0.0,2,"(0.0, 0.0, 0.0)",0.6,['dash_ratio'],--,
25+00,2500,89,635,396,312,247,187,0,60,3,"dash_ratio: dashed=EG, solid=PG",0.9,True,True,ok,38,1116.5,1.0,1,"(0.0, 0.0, 0.0)",0.84,3,103.1,0.0,1,"(0.0, 0.0, 0.0)",0.6,['dash_ratio'],--,
25+50,2550,90,902,569,450,346,271,0,75,3,"dash_ratio: dashed=EG, solid=PG",0.9,True,True,ok,38,1116.2,1.0,1,"(0.0, 0.0, 0.0)",0.84,47,180.3,0.0,3,"(0.0, 0.0, 0.0)",0.6,['dash_ratio'],--,
26+00,2600,90,886,566,452,348,275,0,73,3,"dash_ratio: dashed=EG, solid=PG",0.9,True,True,ok,37,1116.2,1.0,1,"(0.0, 0.0, 0.0)",0.84,4,194.7,0.0,2,"(0.0, 0.0, 0.0)",0.6,['dash_ratio'],--,
26+40,2640,90,610,370,271,208,142,0,66,3,"dash_ratio: dashed=EG, solid=PG",0.9,True,True,ok,44,1122.5,1.0,1,"(0.0, 0.0, 0.0)",0.84,21,306.9,0.0,10,"(0.0, 0.0, 0.0)",0.48,['dash_ratio'],--,
26+50,2650,91,698,430,345,255,203,0,52,3,"dash_ratio: dashed=EG, solid=PG",0.9,True,True,ok,50,1129.0,1.0,1,"(0.0, 0.0, 0.0)",0.84,3,152.5,0.0,1,"(0.0, 0.0, 0.0)",0.6,['dash_ratio'],--,
27+00,2700,91,645,401,321,234,188,0,46,1,"only 1 candidate -> PG only, no EG",0.3,False,True,incomplete,0,0,0,0,--,0,43,1087.8,1.0,1,"(0.0, 0.0, 0.0)",0.84,[],--,Only 1 scored candidate -- cannot assign Existing Ground.
27+50,2750,91,628,393,315,225,177,0,48,1,"only 1 candidate -> PG only, no EG",0.3,False,True,incomplete,0,0,0,0,--,0,37,1084.4,1.0,1,"(0.0, 0.0, 0.0)",0.84,[],--,Only 1 scored candidate -- cannot assign Existing Ground.
28+00,2800,91,379,230,184,134,105,0,29,1,"only 1 candidate -> PG only, no EG",0.3,False,True,incomplete,0,0,0,0,--,0,38,1098.1,1.0,1,"(0.0, 0.0, 0.0)",0.84,[],--,Only 1 scored candidate -- cannot assign Existing Ground.
28+50,2850,92,663,407,325,234,185,0,49,1,"only 1 candidate -> PG only, no EG",0.3,False,True,incomplete,0,0,0,0,--,0,37,1093.5,1.0,1,"(0.0, 0.0, 0.0)",0.84,[],--,Only 1 scored candidate -- cannot assign Existing Ground.
29+00,2900,92,661,415,329,237,188,0,49,1,"only 1 candidate -> PG only, no EG",0.3,False,True,incomplete,0,0,0,0,--,0,21,1105.5,1.0,1,"(0.0, 0.0, 0.0)",0.84,[],--,Only 1 scored candidate -- cannot assign Existing Ground.
29+50,2950,92,386,238,193,133,99,0,34,1,"only 1 candidate -> PG only, no EG",0.3,False,True,incomplete,0,0,0,0,--,0,21,1097.2,1.0,1,"(0.0, 0.0, 0.0)",0.84,[],--,Only 1 scored candidate -- cannot assign Existing Ground.
30+00,3000,93,668,412,329,240,190,0,50,1,"only 1 candidate -> PG only, no EG",0.3,False,True,incomplete,0,0,0,0,--,0,30,1116.0,1.0,1,"(0.0, 0.0, 0.0)",0.84,[],--,Only 1 scored candidate -- cannot assign Existing Ground.
30+50,3050,93,775,511,386,281,215,0,66,1,"only 1 candidate -> PG only, no EG",0.3,False,True,incomplete,0,0,0,0,--,0,32,1130.1,1.0,1,"(0.0, 0.0, 0.0)",0.84,[],--,Only 1 scored candidate -- cannot assign Existing Ground.
31+00,3100,93,526,335,245,181,129,0,52,1,"only 1 candidate -> PG only, no EG",0.3,False,True,incomplete,0,0,0,0,--,0,29,1145.2,1.0,1,"(0.0, 0.0, 0.0)",0.84,[],--,Only 1 scored candidate -- cannot assign Existing Ground.
31+50,3150,94,814,522,386,281,206,0,75,2,"dash_ratio: dashed=EG, solid=PG",0.9,True,True,ok,31,1141.4,1.0,1,"(0.0, 0.0, 0.0)",0.84,86,315.3,0.0,9,"(0.0, 0.0, 0.0)",0.6,['dash_ratio'],--,
32+00,3200,94,533,339,246,176,125,0,51,1,"only 1 candidate -> PG only, no EG",0.3,False,True,incomplete,0,0,0,0,--,0,33,1137.2,1.0,1,"(0.0, 0.0, 0.0)",0.84,[],--,Only 1 scored candidate -- cannot assign Existing Ground.
32+50,3250,95,797,510,381,275,205,0,70,1,"only 1 candidate -> PG only, no EG",0.3,False,True,incomplete,0,0,0,0,--,0,26,1138.1,1.0,1,"(0.0, 0.0, 0.0)",0.84,[],--,Only 1 scored candidate -- cannot assign Existing Ground.
33+00,3300,95,764,498,372,268,199,0,69,2,"dash_ratio: dashed=EG, solid=PG",0.9,True,True,ok,27,1134.6,1.0,1,"(0.0, 0.0, 0.0)",0.84,211,201.8,0.0,8,"(0.0, 0.0, 0.0)",0.84,['dash_ratio'],--,
33+40,3340,95,660,459,301,242,163,9,70,3,"dash_ratio: dashed=EG, solid=PG",0.9,True,True,ok,27,1134.9,1.0,1,"(0.0, 0.0, 0.0)",0.84,10,248.3,0.0,6,"(0.0, 0.0, 0.0)",0.48,['dash_ratio'],--,
33+50,3350,96,749,480,390,296,242,0,54,3,"dash_ratio: dashed=EG, solid=PG",0.9,True,True,ok,28,1134.7,1.0,1,"(0.0, 0.0, 0.0)",0.84,4,201.5,0.0,2,"(0.0, 0.0, 0.0)",0.6,['dash_ratio'],--,
34+00,3400,96,819,535,427,329,264,1,64,3,"dash_ratio: dashed=EG, solid=PG",0.9,True,True,ok,29,1131.2,1.0,1,"(0.0, 0.0, 0.0)",0.84,45,220.5,0.0,3,"(0.0, 0.0, 0.0)",0.6,['dash_ratio'],--,
34+50,3450,96,519,330,276,221,180,0,41,3,"dash_ratio: dashed=EG, solid=PG",0.9,True,True,ok,26,1127.9,1.0,1,"(0.0, 0.0, 0.0)",0.84,4,199.5,0.0,2,"(0.0, 0.0, 0.0)",0.6,['dash_ratio'],--,
35+00,3500,97,938,586,457,351,271,0,80,3,"dash_ratio: dashed=EG, solid=PG",0.9,True,True,ok,26,1130.0,1.0,1,"(0.0, 0.0, 0.0)",0.84,4,200.5,0.0,2,"(0.0, 0.0, 0.0)",0.6,['dash_ratio'],--,
35+50,3550,97,912,577,453,344,266,0,78,3,"dash_ratio: dashed=EG, solid=PG",0.9,True,True,ok,25,1128.9,1.0,1,"(0.0, 0.0, 0.0)",0.84,4,196.2,0.0,2,"(0.0, 0.0, 0.0)",0.6,['dash_ratio'],--,
36+00,3600,97,671,414,324,259,194,0,65,3,"dash_ratio: dashed=EG, solid=PG",0.9,True,True,ok,24,1125.9,1.0,1,"(0.0, 0.0, 0.0)",0.84,4,198.0,0.0,2,"(0.0, 0.0, 0.0)",0.6,['dash_ratio'],--,
36+50,3650,98,939,588,458,349,270,0,79,3,"dash_ratio: dashed=EG, solid=PG",0.9,True,True,ok,25,1123.3,1.0,1,"(0.0, 0.0, 0.0)",0.84,4,194.6,0.0,2,"(0.0, 0.0, 0.0)",0.6,['dash_ratio'],--,
37+00,3700,98,935,593,464,354,270,0,84,3,"dash_ratio: dashed=EG, solid=PG",0.9,True,True,ok,23,1123.7,1.0,1,"(0.0, 0.0, 0.0)",0.84,4,188.5,0.0,2,"(0.0, 0.0, 0.0)",0.6,['dash_ratio'],--,
37+50,3750,98,668,414,321,252,190,0,62,3,"dash_ratio: dashed=EG, solid=PG",0.9,True,True,ok,22,1124.9,1.0,1,"(0.0, 0.0, 0.0)",0.84,54,215.1,0.0,5,"(0.0, 0.0, 0.0)",0.6,['dash_ratio'],--,
38+00,3800,99,933,582,451,342,264,0,78,3,"dash_ratio: dashed=EG, solid=PG",0.9,True,True,ok,23,1123.8,1.0,1,"(0.0, 0.0, 0.0)",0.84,54,197.8,0.0,5,"(0.0, 0.0, 0.0)",0.6,['dash_ratio'],--,
38+50,3850,99,916,583,455,343,270,0,73,3,"dash_ratio: dashed=EG, solid=PG",0.9,True,True,ok,22,1123.1,1.0,1,"(0.0, 0.0, 0.0)",0.84,54,190.4,0.0,5,"(0.0, 0.0, 0.0)",0.6,['dash_ratio'],--,
39+00,3900,99,654,401,309,242,183,0,59,2,"dash_ratio: dashed=EG, solid=PG",0.9,True,True,ok,24,1124.1,1.0,1,"(0.0, 0.0, 0.0)",0.84,3,132.9,0.0,2,"(0.0, 0.0, 0.0)",0.6,['dash_ratio'],--,
39+50,3950,100,943,589,451,344,264,0,80,2,"dash_ratio: dashed=EG, solid=PG",0.9,True,True,ok,25,1125.5,1.0,1,"(0.0, 0.0, 0.0)",0.84,3,131.4,0.0,2,"(0.0, 0.0, 0.0)",0.6,['dash_ratio'],--,
40+00,4000,100,913,574,446,339,263,0,76,2,"dash_ratio: dashed=EG, solid=PG",0.9,True,True,ok,25,1125.0,1.0,1,"(0.0, 0.0, 0.0)",0.84,3,135.7,0.0,2,"(0.0, 0.0, 0.0)",0.6,['dash_ratio'],--,
40+50,4050,100,676,410,324,253,193,0,60,3,"dash_ratio: dashed=EG, solid=PG",0.9,True,True,ok,28,1122.5,1.0,1,"(0.0, 0.0, 0.0)",0.84,140,248.6,0.0,8,"(0.0, 0.0, 0.0)",0.6,['dash_ratio'],--,
41+00,4100,101,938,579,453,344,266,0,78,3,"dash_ratio: dashed=EG, solid=PG",0.9,True,True,ok,30,1124.6,1.0,1,"(0.0, 0.0, 0.0)",0.84,129,221.8,0.0,8,"(0.0, 0.0, 0.0)",0.6,['dash_ratio'],--,
41+50,4150,101,940,591,458,352,271,0,81,3,"dash_ratio: dashed=EG, solid=PG",0.9,True,True,ok,30,1123.6,1.0,1,"(0.0, 0.0, 0.0)",0.84,4,215.5,0.0,1,"(0.0, 0.0, 0.0)",0.6,['dash_ratio'],--,
42+00,4200,101,708,433,327,261,192,0,69,3,"dash_ratio: dashed=EG, solid=PG",0.9,True,True,ok,23,1122.7,1.0,1,"(0.0, 0.0, 0.0)",0.84,4,226.8,0.0,1,"(0.0, 0.0, 0.0)",0.6,['dash_ratio'],--,
42+50,4250,102,941,581,452,342,265,0,77,3,"dash_ratio: dashed=EG, solid=PG",0.9,True,True,ok,24,1122.8,1.0,1,"(0.0, 0.0, 0.0)",0.84,4,228.9,0.0,1,"(0.0, 0.0, 0.0)",0.6,['dash_ratio'],--,
43+00,4300,102,923,580,458,350,270,0,80,3,"dash_ratio: dashed=EG, solid=PG",0.9,True,True,ok,22,1123.7,1.0,1,"(0.0, 0.0, 0.0)",0.84,4,229.2,0.0,1,"(0.0, 0.0, 0.0)",0.6,['dash_ratio'],--,
43+50,4350,102,678,413,319,250,187,0,63,3,"dash_ratio: dashed=EG, solid=PG",0.9,True,True,ok,24,1123.0,1.0,1,"(0.0, 0.0, 0.0)",0.84,4,229.9,0.0,1,"(0.0, 0.0, 0.0)",0.6,['dash_ratio'],--,
44+00,4400,103,912,569,451,345,267,0,78,3,"dash_ratio: dashed=EG, solid=PG",0.9,True,True,ok,29,1121.4,1.0,1,"(0.0, 0.0, 0.0)",0.84,4,226.2,0.0,1,"(0.0, 0.0, 0.0)",0.6,['dash_ratio'],--,
44+50,4450,103,941,593,459,350,269,0,81,3,"dash_ratio: dashed=EG, solid=PG",0.9,True,True,ok,32,1121.7,1.0,1,"(0.0, 0.0, 0.0)",0.84,4,223.6,0.0,1,"(0.0, 0.0, 0.0)",0.6,['dash_ratio'],--,
45+00,4500,103,672,409,319,251,188,0,63,3,"dash_ratio: dashed=EG, solid=PG",0.9,True,True,ok,30,1120.9,1.0,1,"(0.0, 0.0, 0.0)",0.84,4,224.1,0.0,1,"(0.0, 0.0, 0.0)",0.6,['dash_ratio'],--,
45+50,4550,104,940,587,455,349,268,0,81,3,"dash_ratio: dashed=EG, solid=PG",0.9,True,True,ok,26,1120.1,1.0,1,"(0.0, 0.0, 0.0)",0.84,4,223.7,0.0,1,"(0.0, 0.0, 0.0)",0.6,['dash_ratio'],--,
46+00,4600,104,922,582,454,347,271,0,76,3,"dash_ratio: dashed=EG, solid=PG",0.9,True,True,ok,24,997.3,1.0,1,"(0.0, 0.0, 0.0)",0.84,4,221.6,0.0,1,"(0.0, 0.0, 0.0)",0.6,['dash_ratio'],--,
46+50,4650,104,679,415,320,254,191,0,63,3,"dash_ratio: dashed=EG, solid=PG",0.9,True,True,ok,26,987.2,1.0,1,"(0.0, 0.0, 0.0)",0.84,4,219.5,0.0,1,"(0.0, 0.0, 0.0)",0.6,['dash_ratio'],--,
47+00,4700,105,963,604,461,355,270,0,85,3,"dash_ratio: dashed=EG, solid=PG",0.9,True,True,ok,30,991.7,1.0,1,"(0.0, 0.0, 0.0)",0.84,4,214.9,0.0,1,"(0.0, 0.0, 0.0)",0.6,['dash_ratio'],--,
47+50,4750,105,837,513,393,282,210,0,72,3,"dash_ratio: dashed=EG, solid=PG",0.9,True,True,ok,29,977.1,1.0,1,"(0.0, 0.0, 0.0)",0.84,4,203.9,0.0,1,"(0.0, 0.0, 0.0)",0.6,['dash_ratio'],--,
48+00,4800,105,593,348,257,192,134,0,58,3,"dash_ratio: dashed=EG, solid=PG",0.9,True,True,ok,28,958.6,1.0,1,"(0.0, 0.0, 0.0)",0.84,46,208.1,0.0,2,"(0.0, 0.0, 0.0)",0.6,['dash_ratio'],--,
48+50,4850,106,794,488,367,261,191,0,70,1,"only 1 candidate -> PG only, no EG",0.3,False,True,incomplete,0,0,0,0,--,0,30,958.0,1.0,1,"(0.0, 0.0, 0.0)",0.84,[],--,Only 1 scored candidate -- cannot assign Existing Ground.
49+00,4900,106,777,486,366,259,192,0,67,1,"only 1 candidate -> PG only, no EG",0.3,False,True,incomplete,0,0,0,0,--,0,34,984.2,1.0,1,"(0.0, 0.0, 0.0)",0.84,[],--,Only 1 scored candidate -- cannot assign Existing Ground.
49+50,4950,106,530,316,232,166,114,0,52,1,"only 1 candidate -> PG only, no EG",0.3,False,True,incomplete,0,0,0,0,--,0,31,980.2,1.0,1,"(0.0, 0.0, 0.0)",0.84,[],--,Only 1 scored candidate -- cannot assign Existing Ground.
49+54,4954,107,566,331,243,172,120,0,52,1,"only 1 candidate -> PG only, no EG",0.3,False,True,incomplete,0,0,0,0,--,0,32,974.8,1.0,1,"(0.0, 0.0, 0.0)",0.84,[],--,Only 1 scored candidate -- cannot assign Existing Ground.
